event_id,hold_id,guest,show_date,status,updated_at
7,H27,Lindqvist,2026-11-14,confirmed,2026-11-11 14:00
2,H33,Duarte,2026-11-14,confirmed,2026-11-13 17:45
9,H08,Reyes,2026-11-14,confirmed,2026-11-09 11:20
4,H41,Okafor,2026-11-14,confirmed,2026-11-12 16:40
1,H27,Lindqvist,2026-11-14,confirmed,2026-11-13 18:30
8,H41,Okafor,2026-11-14,pending,2026-11-10 09:05
3,H52,Ferraro,2026-11-16,confirmed,2026-11-11 15:45
6,H33,Duarte,2026-11-15,confirmed,2026-11-10 10:30
5,H08,Reyes,2026-11-14,cancelled,2026-11-13 08:15
